Id,Prediction
1,9
2,1
3,1
4,1
5,1
6,1
7,1
8,1
9,9
10,1
11,1
12,9
13,1
14,1
15,1
16,1
17,1
18,1
19,1
20,1
21,1
22,1
23,1
24,10
25,1
26,1
27,1
28,1
29,1
30,1
31,1
32,1
33,10
34,1
35,10
36,1
37,1
38,1
39,1
40,1
41,1
42,1
43,2
44,1
45,1
46,1
47,10
48,2
49,1
50,9
51,1
52,1
53,1
54,1
55,1
56,10
57,1
58,1
59,1
60,1
61,1
62,1
63,1
64,1
65,2
66,1
67,1
68,3
69,10
70,1
71,1
72,1
73,1
74,1
75,1
76,1
77,1
78,2
79,1
80,1
81,3
82,2
83,1
84,1
85,1
86,2
87,1
88,1
89,1
90,3
91,1
92,1
93,1
94,9
95,1
96,1
97,1
98,1
99,1
100,1
101,1
102,10
103,1
104,1
105,1
106,2
107,1
108,9
109,10
110,10
111,1
112,1
113,1
114,1
115,1
116,1
117,1
118,1
119,1
120,1
121,1
122,1
123,1
124,1
125,1
126,1
127,1
128,1
129,9
130,1
131,1
132,1
133,1
134,1
135,1
136,1
137,1
138,1
139,1
140,1
141,1
142,1
143,2
144,1
145,9
146,1
147,1
148,1
149,1
150,1
151,1
152,1
153,1
154,1
155,1
156,1
157,1
158,10
159,1
160,1
161,1
162,2
163,9
164,3
165,1
166,9
167,1
168,1
169,1
170,1
171,1
172,1
173,1
174,7
175,1
176,2
177,1
178,1
179,1
180,1
181,3
182,10
183,1
184,1
185,3
186,1
187,1
188,1
189,1
190,1
191,1
192,1
193,1
194,1
195,1
196,1
197,1
198,9
199,1
200,1
201,9
202,1
203,1
204,1
205,1
206,1
207,1
208,1
209,9
210,1
211,10
212,1
213,10
214,1
215,1
216,1
217,2
218,1
219,9
220,1
221,1
222,1
223,1
224,10
225,1
226,1
227,10
228,1
229,1
230,1
231,1
232,1
233,1
234,6
235,1
236,9
237,1
238,1
239,2
240,6
241,5
242,1
243,1
244,1
245,1
246,3
247,1
248,1
249,1
250,1
251,1
252,1
253,3
254,1
255,1
256,1
257,1
258,1
259,8
260,1
261,1
262,2
263,10
264,3
265,1
266,1
267,1
268,1
269,4
270,1
271,1
272,1
273,1
274,1
275,1
276,1
277,1
278,1
279,1
280,1
281,3
282,1
283,1
284,1
285,1
286,1
287,1
288,1
289,1
290,1
291,1
292,1
293,1
294,1
295,1
296,9
297,1
298,1
299,1
300,9
301,10
302,1
303,1
304,9
305,1
306,1
307,1
308,1
309,1
310,1
311,1
312,1
313,1
314,1
315,1
316,1
317,4
318,1
319,9
320,1
321,1
322,10
323,1
324,9
325,1
326,1
327,1
328,1
329,1
330,1
331,1
332,1
333,1
334,1
335,9
336,1
337,1
338,1
339,1
340,1
341,1
342,1
343,2
344,1
345,6
346,1
347,1
348,3
349,1
350,1
351,9
352,1
353,1
354,1
355,9
356,1
357,1
358,9
359,1
360,1
361,1
362,1
363,3
364,1
365,1
366,1
367,1
368,1
369,1
370,1
371,1
372,1
373,1
374,1
375,1
376,1
377,1
378,1
379,9
380,1
381,1
382,1
383,1
384,1
385,1
386,1
387,1
388,9
389,1
390,10
391,2
392,1
393,1
394,9
395,1
396,1
397,1
398,4
399,1
400,1
401,1
402,1
403,1
404,1
405,1
406,1
407,1
408,1
409,1
410,1
411,1
412,1
413,1
414,1
415,1
416,1
417,1
418,1
419,1
420,1
421,1
422,1
423,1
424,1
425,3
426,9
427,1
428,1
429,3
430,1
431,1
432,1
433,1
434,1
435,1
436,1
437,1
438,1
439,1
440,1
441,1
442,1
443,1
444,10
445,1
446,9
447,1
448,1
449,10
450,1
451,1
452,1
453,1
454,1
455,1
456,1
457,3
458,1
459,1
460,1
461,1
462,1
463,1
464,1
465,1
466,1
467,1
468,1
469,1
470,1
471,3
472,1
473,1
474,3
475,1
476,1
477,1
478,1
479,1
480,1
481,1
482,1
483,9
484,1
485,1
486,1
487,1
488,1
489,10
490,1
491,1
492,10
493,1
494,1
495,1
496,6
497,1
498,9
499,1
500,1
501,1
502,1
503,1
504,1
505,1
506,1
507,1
508,1
509,1
510,2
511,1
512,1
513,1
514,1
515,1
516,1
517,2
518,1
519,1
520,1
521,1
522,1
523,3
524,1
525,10
526,9
527,2
528,1
529,1
530,1
531,1
532,1
533,1
534,1
535,1
536,1
537,1
538,1
539,1
540,1
541,3
542,1
543,9
544,9
545,2
546,1
547,1
548,1
549,1
550,1
551,1
552,1
553,1
554,1
555,1
556,1
557,1
558,2
559,1
560,1
561,1
562,1
563,10
564,10
565,1
566,1
567,10
568,1
569,1
570,1
571,6
572,1
573,1
574,1
575,1
576,9
577,1
578,2
579,1
580,1
581,1
582,1
583,1
584,1
585,3
586,1
587,1
588,1
589,1
590,1
591,1
592,1
593,1
594,1
595,1
596,9
597,1
598,1
599,1
600,1
601,1
602,1
603,1
604,1
605,1
606,1
607,1
608,1
609,1
610,1
611,1
612,1
613,1
614,1
615,1
616,1
617,1
618,1
619,1
620,10
621,1
622,1
623,1
624,1
625,1
626,1
627,1
628,1
629,1
630,1
631,9
632,10
633,1
634,1
635,1
636,6
637,1
638,1
639,1
640,1
641,1
642,1
643,1
644,1
645,1
646,1
647,10
648,1
649,1
650,1
651,1
652,7
653,1
654,1
655,1
656,1
657,10
658,1
659,1
660,1
661,1
662,1
663,1
664,9
665,1
666,1
667,1
668,1
669,9
670,1
671,1
672,1
673,3
674,1
675,1
676,1
677,1
678,1
679,1
680,1
681,1
682,1
683,1
684,1
685,1
686,1
687,1
688,1
689,1
690,1
691,1
692,9
693,9
694,10
695,1
696,1
697,1
698,1
699,1
700,1
701,1
702,1
703,1
704,10
705,1
706,1
707,2
708,1
709,1
710,9
711,1
712,1
713,10
714,1
715,1
716,1
717,1
718,1
719,9
720,2
721,1
722,1
723,1
724,1
725,1
726,1
727,1
728,1
729,1
730,1
731,3
732,1
733,9
734,1
735,6
736,1
737,1
738,1
739,1
740,10
741,1
742,1
743,1
744,1
745,1
746,1
747,2
748,1
749,1
750,1
751,1
752,1
753,1
754,9
755,1
756,1
757,1
758,1
759,1
760,1
761,1
762,1
763,1
764,1
765,1
766,1
767,1
768,1
769,1
770,1
771,1
772,1
773,1
774,10
775,1
776,1
777,1
778,1
779,9
780,1
781,1
782,1
783,1
784,1
785,1
786,1
787,1
788,1
789,1
790,1
791,1
792,1
793,1
794,1
795,1
796,1
797,1
798,1
799,1
800,1
801,8
802,6
803,2
804,8
805,2
806,3
807,2
808,3
809,2
810,6
811,2
812,6
813,6
814,2
815,2
816,2
817,8
818,2
819,8
820,2
821,2
822,2
823,2
824,2
825,4
826,2
827,2
828,2
829,6
830,2
831,2
832,4
833,2
834,2
835,2
836,2
837,2
838,7
839,2
840,2
841,2
842,2
843,6
844,2
845,8
846,2
847,2
848,2
849,5
850,2
851,5
852,2
853,2
854,4
855,2
856,8
857,8
858,2
859,2
860,6
861,2
862,2
863,6
864,4
865,2
866,2
867,5
868,4
869,2
870,2
871,2
872,8
873,2
874,2
875,2
876,8
877,1
878,8
879,2
880,4
881,2
882,2
883,4
884,7
885,2
886,2
887,2
888,8
889,2
890,2
891,2
892,2
893,2
894,2
895,2
896,2
897,2
898,2
899,2
900,1
901,5
902,2
903,1
904,2
905,2
906,2
907,2
908,2
909,4
910,4
911,2
912,2
913,2
914,10
915,2
916,2
917,2
918,2
919,2
920,2
921,4
922,2
923,4
924,2
925,2
926,2
927,2
928,2
929,2
930,2
931,2
932,2
933,4
934,2
935,4
936,4
937,2
938,2
939,2
940,2
941,5
942,2
943,4
944,6
945,2
946,2
947,6
948,2
949,2
950,1
951,2
952,2
953,2
954,2
955,4
956,2
957,2
958,2
959,2
960,2
961,2
962,2
963,2
964,2
965,2
966,2
967,2
968,2
969,2
970,6
971,2
972,2
973,2
974,2
975,2
976,2
977,2
978,2
979,2
980,2
981,2
982,2
983,4
984,1
985,2
986,2
987,2
988,2
989,8
990,2
991,2
992,2
993,2
994,2
995,2
996,2
997,2
998,2
999,7
1000,1
1001,2
1002,2
1003,4
1004,6
1005,2
1006,2
1007,2
1008,2
1009,2
1010,2
1011,2
1012,2
1013,4
1014,2
1015,2
1016,9
1017,2
1018,2
1019,8
1020,2
1021,4
1022,2
1023,2
1024,2
1025,2
1026,2
1027,2
1028,2
1029,4
1030,2
1031,4
1032,2
1033,1
1034,2
1035,2
1036,1
1037,2
1038,4
1039,2
1040,2
1041,2
1042,5
1043,2
1044,1
1045,2
1046,8
1047,2
1048,2
1049,2
1050,2
1051,6
1052,2
1053,2
1054,2
1055,2
1056,2
1057,2
1058,2
1059,1
1060,4
1061,1
1062,2
1063,2
1064,2
1065,8
1066,2
1067,2
1068,2
1069,2
1070,4
1071,2
1072,2
1073,2
1074,2
1075,2
1076,2
1077,2
1078,2
1079,6
1080,2
1081,4
1082,2
1083,8
1084,2
1085,2
1086,8
1087,2
1088,2
1089,8
1090,8
1091,2
1092,2
1093,2
1094,2
1095,2
1096,2
1097,2
1098,5
1099,2
1100,2
1101,1
1102,2
1103,2
1104,2
1105,2
1106,2
1107,2
1108,1
1109,6
1110,2
1111,2
1112,2
1113,8
1114,1
1115,6
1116,5
1117,4
1118,2
1119,2
1120,2
1121,2
1122,2
1123,2
1124,2
1125,2
1126,2
1127,2
1128,4
1129,2
1130,2
1131,2
1132,4
1133,8
1134,2
1135,2
1136,2
1137,4
1138,2
1139,2
1140,2
1141,2
1142,2
1143,2
1144,2
1145,2
1146,2
1147,2
1148,4
1149,2
1150,4
1151,2
1152,2
1153,2
1154,1
1155,5
1156,2
1157,1
1158,2
1159,2
1160,2
1161,1
1162,2
1163,2
1164,2
1165,2
1166,2
1167,2
1168,2
1169,2
1170,2
1171,6
1172,2
1173,2
1174,2
1175,2
1176,2
1177,2
1178,2
1179,2
1180,2
1181,2
1182,2
1183,2
1184,8
1185,2
1186,8
1187,2
1188,2
1189,2
1190,6
1191,2
1192,5
1193,2
1194,4
1195,1
1196,6
1197,2
1198,4
1199,2
1200,2
1201,5
1202,2
1203,2
1204,2
1205,8
1206,6
1207,4
1208,2
1209,2
1210,2
1211,2
1212,2
1213,2
1214,2
1215,2
1216,2
1217,6
1218,2
1219,2
1220,2
1221,6
1222,2
1223,2
1224,2
1225,2
1226,2
1227,2
1228,2
1229,2
1230,2
1231,2
1232,6
1233,2
1234,2
1235,2
1236,2
1237,2
1238,2
1239,2
1240,4
1241,7
1242,2
1243,2
1244,6
1245,2
1246,2
1247,2
1248,2
1249,7
1250,8
1251,2
1252,2
1253,1
1254,2
1255,2
1256,2
1257,6
1258,2
1259,2
1260,2
1261,4
1262,2
1263,6
1264,2
1265,2
1266,2
1267,2
1268,4
1269,2
1270,2
1271,2
1272,1
1273,2
1274,2
1275,2
1276,2
1277,2
1278,2
1279,2
1280,2
1281,8
1282,2
1283,10
1284,1
1285,2
1286,2
1287,5
1288,2
1289,2
1290,2
1291,1
1292,2
1293,2
1294,2
1295,2
1296,2
1297,2
1298,2
1299,2
1300,2
1301,2
1302,2
1303,6
1304,2
1305,2
1306,2
1307,2
1308,2
1309,2
1310,6
1311,2
1312,2
1313,4
1314,2
1315,2
1316,8
1317,2
1318,5
1319,2
1320,8
1321,2
1322,2
1323,2
1324,2
1325,2
1326,4
1327,4
1328,2
1329,8
1330,2
1331,2
1332,2
1333,2
1334,2
1335,2
1336,2
1337,2
1338,8
1339,2
1340,4
1341,2
1342,6
1343,2
1344,2
1345,2
1346,2
1347,1
1348,2
1349,2
1350,4
1351,6
1352,2
1353,2
1354,2
1355,8
1356,5
1357,2
1358,2
1359,2
1360,4
1361,2
1362,2
1363,2
1364,2
1365,6
1366,2
1367,1
1368,6
1369,4
1370,6
1371,2
1372,2
1373,2
1374,2
1375,2
1376,2
1377,2
1378,2
1379,2
1380,1
1381,2
1382,2
1383,2
1384,2
1385,2
1386,4
1387,1
1388,8
1389,6
1390,1
1391,6
1392,2
1393,2
1394,2
1395,6
1396,2
1397,6
1398,4
1399,2
1400,6
1401,2
1402,2
1403,2
1404,2
1405,2
1406,2
1407,2
1408,6
1409,2
1410,6
1411,6
1412,2
1413,2
1414,2
1415,2
1416,2
1417,2
1418,2
1419,8
1420,2
1421,2
1422,2
1423,2
1424,2
1425,2
1426,2
1427,2
1428,4
1429,5
1430,6
1431,2
1432,2
1433,4
1434,9
1435,2
1436,2
1437,6
1438,2
1439,2
1440,4
1441,6
1442,8
1443,8
1444,2
1445,2
1446,8
1447,6
1448,2
1449,2
1450,2
1451,2
1452,2
1453,2
1454,2
1455,5
1456,2
1457,3
1458,6
1459,6
1460,2
1461,2
1462,8
1463,2
1464,2
1465,1
1466,6
1467,2
1468,8
1469,2
1470,2
1471,4
1472,2
1473,2
1474,2
1475,2
1476,1
1477,5
1478,2
1479,2
1480,4
1481,2
1482,2
1483,2
1484,2
1485,2
1486,2
1487,2
1488,2
1489,2
1490,2
1491,2
1492,2
1493,9
1494,6
1495,8
1496,2
1497,7
1498,2
1499,5
1500,2
1501,4
1502,2
1503,2
1504,1
1505,6
1506,4
1507,2
1508,5
1509,8
1510,8
1511,4
1512,2
1513,5
1514,2
1515,2
1516,4
1517,4
1518,2
1519,2
1520,2
1521,2
1522,2
1523,2
1524,2
1525,2
1526,4
1527,9
1528,2
1529,2
1530,2
1531,1
1532,2
1533,6
1534,2
1535,2
1536,2
1537,2
1538,4
1539,4
1540,2
1541,7
1542,2
1543,4
1544,2
1545,2
1546,8
1547,2
1548,2
1549,2
1550,2
1551,2
1552,2
1553,2
1554,8
1555,2
1556,2
1557,2
1558,2
1559,2
1560,6
1561,2
1562,8
1563,2
1564,2
1565,2
1566,2
1567,4
1568,2
1569,8
1570,2
1571,2
1572,2
1573,2
1574,2
1575,4
1576,8
1577,2
1578,2
1579,2
1580,2
1581,4
1582,6
1583,2
1584,8
1585,5
1586,2
1587,1
1588,2
1589,2
1590,2
1591,2
1592,2
1593,2
1594,2
1595,2
1596,2
1597,2
1598,2
1599,2
1600,2
1601,3
1602,10
1603,10
1604,3
1605,3
1606,3
1607,3
1608,5
1609,3
1610,3
1611,1
1612,10
1613,3
1614,3
1615,3
1616,3
1617,3
1618,3
1619,3
1620,10
1621,3
1622,3
1623,3
1624,3
1625,3
1626,9
1627,3
1628,3
1629,3
1630,3
1631,4
1632,3
1633,10
1634,3
1635,3
1636,3
1637,3
1638,3
1639,3
1640,3
1641,3
1642,3
1643,10
1644,3
1645,7
1646,3
1647,3
1648,3
1649,10
1650,3
1651,1
1652,3
1653,3
1654,3
1655,3
1656,3
1657,3
1658,3
1659,3
1660,3
1661,3
1662,10
1663,3
1664,3
1665,9
1666,3
1667,3
1668,3
1669,3
1670,3
1671,3
1672,3
1673,3
1674,3
1675,3
1676,3
1677,3
1678,3
1679,3
1680,3
1681,3
1682,3
1683,3
1684,3
1685,3
1686,3
1687,3
1688,3
1689,3
1690,1
1691,3
1692,3
1693,3
1694,3
1695,3
1696,3
1697,3
1698,3
1699,3
1700,3
1701,3
1702,3
1703,3
1704,3
1705,3
1706,7
1707,3
1708,3
1709,10
1710,3
1711,3
1712,3
1713,1
1714,3
1715,3
1716,10
1717,3
1718,3
1719,3
1720,3
1721,3
1722,1
1723,3
1724,10
1725,3
1726,3
1727,3
1728,3
1729,3
1730,3
1731,3
1732,3
1733,3
1734,3
1735,3
1736,3
1737,3
1738,3
1739,3
1740,3
1741,3
1742,3
1743,3
1744,10
1745,3
1746,3
1747,2
1748,6
1749,2
1750,3
1751,3
1752,3
1753,3
1754,7
1755,3
1756,3
1757,3
1758,3
1759,3
1760,10
1761,3
1762,10
1763,3
1764,3
1765,3
1766,3
1767,10
1768,10
1769,10
1770,3
1771,3
1772,3
1773,10
1774,3
1775,3
1776,3
1777,10
1778,3
1779,3
1780,3
1781,3
1782,3
1783,10
1784,3
1785,3
1786,10
1787,3
1788,3
1789,3
1790,10
1791,3
1792,9
1793,3
1794,10
1795,3
1796,3
1797,3
1798,3
1799,3
1800,3
1801,3
1802,3
1803,10
1804,3
1805,3
1806,3
1807,3
1808,3
1809,3
1810,3
1811,3
1812,3
1813,3
1814,3
1815,3
1816,3
1817,10
1818,10
1819,3
1820,3
1821,3
1822,3
1823,3
1824,3
1825,3
1826,3
1827,3
1828,3
1829,10
1830,1
1831,3
1832,3
1833,1
1834,3
1835,3
1836,10
1837,3
1838,3
1839,3
1840,3
1841,3
1842,1
1843,3
1844,9
1845,3
1846,3
1847,3
1848,3
1849,3
1850,3
1851,3
1852,3
1853,3
1854,3
1855,3
1856,3
1857,3
1858,3
1859,4
1860,3
1861,3
1862,3
1863,3
1864,3
1865,10
1866,10
1867,10
1868,3
1869,3
1870,3
1871,3
1872,3
1873,3
1874,3
1875,3
1876,3
1877,1
1878,3
1879,3
1880,10
1881,6
1882,3
1883,3
1884,3
1885,3
1886,3
1887,3
1888,1
1889,3
1890,3
1891,3
1892,3
1893,3
1894,3
1895,3
1896,3
1897,3
1898,3
1899,3
1900,3
1901,3
1902,2
1903,3
1904,10
1905,3
1906,3
1907,3
1908,3
1909,3
1910,3
1911,3
1912,3
1913,3
1914,3
1915,3
1916,3
1917,3
1918,3
1919,1
1920,3
1921,10
1922,3
1923,3
1924,3
1925,3
1926,3
1927,10
1928,3
1929,3
1930,3
1931,10
1932,3
1933,3
1934,3
1935,3
1936,3
1937,3
1938,3
1939,3
1940,3
1941,10
1942,3
1943,3
1944,1
1945,3
1946,3
1947,3
1948,3
1949,10
1950,3
1951,10
1952,3
1953,10
1954,6
1955,3
1956,3
1957,3
1958,3
1959,3
1960,3
1961,3
1962,3
1963,3
1964,3
1965,3
1966,3
1967,3
1968,10
1969,3
1970,3
1971,3
1972,3
1973,3
1974,3
1975,3
1976,3
1977,10
1978,10
1979,2
1980,10
1981,1
1982,1
1983,3
1984,3
1985,3
1986,9
1987,3
1988,3
1989,3
1990,10
1991,3
1992,3
1993,10
1994,3
1995,3
1996,3
1997,3
1998,10
1999,1
2000,3
2001,3
2002,10
2003,3
2004,3
2005,10
2006,10
2007,3
2008,7
2009,3
2010,3
2011,3
2012,10
2013,3
2014,3
2015,3
2016,3
2017,3
2018,3
2019,3
2020,3
2021,3
2022,3
2023,3
2024,3
2025,10
2026,2
2027,3
2028,3
2029,3
2030,3
2031,3
2032,3
2033,3
2034,3
2035,3
2036,3
2037,3
2038,10
2039,3
2040,2
2041,3
2042,3
2043,3
2044,3
2045,3
2046,3
2047,10
2048,3
2049,3
2050,3
2051,3
2052,9
2053,3
2054,3
2055,3
2056,3
2057,3
2058,3
2059,3
2060,3
2061,3
2062,10
2063,3
2064,1
2065,3
2066,3
2067,10
2068,3
2069,3
2070,3
2071,3
2072,10
2073,6
2074,3
2075,3
2076,3
2077,3
2078,10
2079,3
2080,3
2081,3
2082,3
2083,10
2084,10
2085,3
2086,3
2087,3
2088,3
2089,3
2090,3
2091,3
2092,3
2093,3
2094,1
2095,3
2096,3
2097,3
2098,9
2099,3
2100,6
2101,10
2102,3
2103,3
2104,3
2105,3
2106,3
2107,3
2108,3
2109,3
2110,3
2111,10
2112,3
2113,3
2114,3
2115,10
2116,3
2117,3
2118,6
2119,3
2120,10
2121,3
2122,3
2123,3
2124,7
2125,3
2126,1
2127,3
2128,3
2129,3
2130,3
2131,10
2132,10
2133,7
2134,1
2135,3
2136,3
2137,3
2138,3
2139,3
2140,7
2141,10
2142,3
2143,3
2144,10
2145,7
2146,10
2147,3
2148,3
2149,3
2150,3
2151,3
2152,3
2153,3
2154,3
2155,3
2156,3
2157,10
2158,3
2159,3
2160,3
2161,3
2162,3
2163,3
2164,3
2165,1
2166,10
2167,3
2168,3
2169,3
2170,3
2171,3
2172,3
2173,3
2174,3
2175,3
2176,9
2177,3
2178,3
2179,10
2180,3
2181,3
2182,3
2183,3
2184,3
2185,3
2186,3
2187,3
2188,3
2189,3
2190,3
2191,3
2192,3
2193,3
2194,3
2195,3
2196,10
2197,3
2198,3
2199,3
2200,3
2201,3
2202,3
2203,10
2204,3
2205,10
2206,3
2207,3
2208,3
2209,3
2210,3
2211,3
2212,10
2213,3
2214,1
2215,3
2216,1
2217,3
2218,3
2219,3
2220,10
2221,3
2222,6
2223,3
2224,10
2225,3
2226,3
2227,10
2228,3
2229,3
2230,9
2231,3
2232,3
2233,3
2234,3
2235,9
2236,3
2237,3
2238,3
2239,3
2240,3
2241,3
2242,3
2243,3
2244,10
2245,3
2246,3
2247,10
2248,3
2249,10
2250,3
2251,3
2252,3
2253,3
2254,3
2255,3
2256,3
2257,3
2258,3
2259,3
2260,2
2261,3
2262,3
2263,3
2264,3
2265,3
2266,3
2267,3
2268,3
2269,3
2270,3
2271,3
2272,3
2273,3
2274,3
2275,3
2276,10
2277,9
2278,10
2279,3
2280,3
2281,3
2282,3
2283,3
2284,3
2285,3
2286,3
2287,3
2288,3
2289,3
2290,3
2291,3
2292,3
2293,3
2294,3
2295,3
2296,3
2297,3
2298,10
2299,3
2300,3
2301,3
2302,1
2303,1
2304,6
2305,5
2306,1
2307,3
2308,3
2309,3
2310,3
2311,3
2312,3
2313,3
2314,3
2315,3
2316,3
2317,3
2318,3
2319,3
2320,3
2321,3
2322,3
2323,7
2324,3
2325,3
2326,3
2327,3
2328,3
2329,3
2330,3
2331,3
2332,10
2333,3
2334,3
2335,3
2336,3
2337,3
2338,3
2339,3
2340,3
2341,3
2342,10
2343,10
2344,3
2345,3
2346,3
2347,3
2348,3
2349,10
2350,3
2351,3
2352,3
2353,3
2354,3
2355,3
2356,3
2357,3
2358,3
2359,3
2360,2
2361,3
2362,3
2363,3
2364,3
2365,10
2366,3
2367,3
2368,3
2369,3
2370,3
2371,3
2372,3
2373,3
2374,3
2375,3
2376,3
2377,10
2378,3
2379,3
2380,3
2381,3
2382,3
2383,3
2384,3
2385,3
2386,3
2387,3
2388,3
2389,3
2390,10
2391,10
2392,3
2393,3
2394,3
2395,3
2396,10
2397,3
2398,3
2399,3
2400,3
2401,4
2402,4
2403,4
2404,8
2405,4
2406,4
2407,4
2408,4
2409,4
2410,8
2411,4
2412,4
2413,4
2414,4
2415,4
2416,4
2417,4
2418,4
2419,2
2420,5
2421,6
2422,4
2423,4
2424,4
2425,6
2426,6
2427,4
2428,4
2429,4
2430,5
2431,4
2432,6
2433,9
2434,4
2435,4
2436,4
2437,6
2438,6
2439,4
2440,4
2441,6
2442,4
2443,5
2444,4
2445,8
2446,6
2447,4
2448,4
2449,4
2450,4
2451,4
2452,4
2453,4
2454,4
2455,8
2456,4
2457,6
2458,6
2459,1
2460,4
2461,5
2462,4
2463,4
2464,4
2465,4
2466,2
2467,8
2468,4
2469,4
2470,2
2471,4
2472,8
2473,8
2474,4
2475,4
2476,4
2477,6
2478,4
2479,8
2480,8
2481,4
2482,5
2483,4
2484,4
2485,5
2486,5
2487,4
2488,4
2489,4
2490,4
2491,6
2492,2
2493,8
2494,4
2495,4
2496,4
2497,5
2498,4
2499,4
2500,4
2501,4
2502,4
2503,4
2504,4
2505,4
2506,6
2507,4
2508,4
2509,8
2510,4
2511,2
2512,4
2513,5
2514,4
2515,7
2516,4
2517,4
2518,4
2519,2
2520,4
2521,4
2522,6
2523,6
2524,6
2525,4
2526,4
2527,4
2528,4
2529,4
2530,6
2531,8
2532,4
2533,4
2534,6
2535,4
2536,4
2537,4
2538,4
2539,2
2540,4
2541,2
2542,4
2543,6
2544,5
2545,4
2546,2
2547,7
2548,4
2549,4
2550,6
2551,4
2552,5
2553,4
2554,4
2555,6
2556,2
2557,4
2558,6
2559,4
2560,5
2561,6
2562,4
2563,4
2564,8
2565,4
2566,8
2567,4
2568,4
2569,6
2570,2
2571,4
2572,4
2573,6
2574,4
2575,4
2576,4
2577,8
2578,5
2579,4
2580,4
2581,4
2582,4
2583,4
2584,6
2585,8
2586,2
2587,8
2588,2
2589,6
2590,4
2591,4
2592,8
2593,6
2594,4
2595,4
2596,4
2597,4
2598,4
2599,4
2600,4
2601,6
2602,6
2603,4
2604,4
2605,6
2606,6
2607,8
2608,6
2609,4
2610,4
2611,2
2612,4
2613,6
2614,6
2615,6
2616,4
2617,8
2618,4
2619,4
2620,4
2621,4
2622,5
2623,6
2624,5
2625,6
2626,4
2627,4
2628,4
2629,6
2630,5
2631,4
2632,8
2633,4
2634,8
2635,4
2636,2
2637,9
2638,6
2639,4
2640,4
2641,4
2642,2
2643,4
2644,4
2645,8
2646,6
2647,2
2648,4
2649,8
2650,6
2651,4
2652,4
2653,6
2654,4
2655,4
2656,6
2657,4
2658,4
2659,4
2660,10
2661,4
2662,4
2663,4
2664,4
2665,8
2666,6
2667,6
2668,8
2669,2
2670,5
2671,4
2672,4
2673,4
2674,4
2675,4
2676,4
2677,4
2678,2
2679,4
2680,4
2681,6
2682,7
2683,6
2684,2
2685,4
2686,4
2687,4
2688,2
2689,5
2690,4
2691,4
2692,6
2693,4
2694,2
2695,4
2696,4
2697,4
2698,4
2699,6
2700,4
2701,8
2702,6
2703,4
2704,4
2705,4
2706,4
2707,6
2708,2
2709,5
2710,2
2711,4
2712,6
2713,4
2714,2
2715,5
2716,6
2717,4
2718,4
2719,4
2720,4
2721,6
2722,6
2723,4
2724,4
2725,4
2726,3
2727,8
2728,4
2729,4
2730,4
2731,4
2732,6
2733,2
2734,2
2735,4
2736,8
2737,6
2738,6
2739,4
2740,4
2741,6
2742,5
2743,4
2744,6
2745,5
2746,4
2747,8
2748,2
2749,4
2750,6
2751,4
2752,4
2753,4
2754,4
2755,4
2756,4
2757,6
2758,4
2759,2
2760,4
2761,4
2762,5
2763,4
2764,4
2765,4
2766,2
2767,5
2768,4
2769,4
2770,6
2771,4
2772,6
2773,4
2774,4
2775,6
2776,4
2777,5
2778,6
2779,6
2780,6
2781,4
2782,4
2783,4
2784,4
2785,4
2786,4
2787,4
2788,5
2789,4
2790,4
2791,4
2792,8
2793,4
2794,4
2795,6
2796,6
2797,4
2798,2
2799,8
2800,4
2801,5
2802,4
2803,6
2804,4
2805,4
2806,2
2807,4
2808,2
2809,4
2810,4
2811,4
2812,8
2813,8
2814,5
2815,2
2816,4
2817,6
2818,2
2819,8
2820,4
2821,6
2822,4
2823,8
2824,4
2825,4
2826,4
2827,9
2828,4
2829,4
2830,5
2831,2
2832,4
2833,5
2834,4
2835,4
2836,4
2837,4
2838,8
2839,4
2840,4
2841,4
2842,4
2843,6
2844,4
2845,4
2846,4
2847,6
2848,8
2849,5
2850,4
2851,6
2852,2
2853,4
2854,8
2855,4
2856,4
2857,2
2858,6
2859,4
2860,6
2861,4
2862,4
2863,5
2864,4
2865,2
2866,5
2867,6
2868,4
2869,6
2870,4
2871,6
2872,4
2873,4
2874,6
2875,2
2876,4
2877,6
2878,4
2879,4
2880,4
2881,6
2882,6
2883,4
2884,2
2885,5
2886,6
2887,4
2888,6
2889,8
2890,4
2891,2
2892,4
2893,4
2894,6
2895,2
2896,4
2897,4
2898,4
2899,4
2900,2
2901,7
2902,6
2903,4
2904,4
2905,4
2906,6
2907,8
2908,4
2909,4
2910,4
2911,4
2912,8
2913,4
2914,4
2915,4
2916,4
2917,8
2918,5
2919,3
2920,4
2921,4
2922,5
2923,4
2924,5
2925,6
2926,4
2927,2
2928,8
2929,6
2930,4
2931,5
2932,4
2933,4
2934,4
2935,6
2936,9
2937,4
2938,4
2939,2
2940,6
2941,4
2942,4
2943,4
2944,8
2945,9
2946,4
2947,4
2948,6
2949,4
2950,6
2951,8
2952,6
2953,4
2954,8
2955,4
2956,4
2957,4
2958,6
2959,4
2960,6
2961,6
2962,2
2963,4
2964,6
2965,4
2966,6
2967,2
2968,4
2969,4
2970,4
2971,8
2972,4
2973,4
2974,4
2975,2
2976,4
2977,8
2978,6
2979,4
2980,4
2981,4
2982,4
2983,8
2984,5
2985,4
2986,5
2987,4
2988,4
2989,4
2990,4
2991,5
2992,4
2993,4
2994,4
2995,6
2996,6
2997,4
2998,4
2999,4
3000,4
3001,4
3002,4
3003,4
3004,4
3005,4
3006,4
3007,2
3008,4
3009,5
3010,2
3011,4
3012,4
3013,5
3014,4
3015,4
3016,2
3017,4
3018,5
3019,6
3020,4
3021,4
3022,4
3023,6
3024,5
3025,4
3026,6
3027,9
3028,4
3029,2
3030,4
3031,4
3032,4
3033,4
3034,4
3035,4
3036,4
3037,4
3038,4
3039,2
3040,8
3041,4
3042,4
3043,4
3044,6
3045,4
3046,4
3047,4
3048,4
3049,2
3050,4
3051,4
3052,6
3053,4
3054,2
3055,6
3056,4
3057,4
3058,4
3059,4
3060,4
3061,4
3062,4
3063,4
3064,4
3065,4
3066,4
3067,4
3068,4
3069,8
3070,4
3071,5
3072,5
3073,4
3074,6
3075,4
3076,4
3077,4
3078,6
3079,7
3080,6
3081,4
3082,4
3083,4
3084,5
3085,4
3086,4
3087,4
3088,4
3089,4
3090,2
3091,7
3092,4
3093,4
3094,4
3095,4
3096,4
3097,4
3098,4
3099,4
3100,6
3101,4
3102,5
3103,4
3104,8
3105,4
3106,6
3107,6
3108,4
3109,2
3110,4
3111,8
3112,4
3113,4
3114,6
3115,4
3116,4
3117,4
3118,4
3119,4
3120,4
3121,2
3122,2
3123,4
3124,4
3125,8
3126,2
3127,6
3128,4
3129,6
3130,4
3131,6
3132,6
3133,4
3134,2
3135,4
3136,4
3137,4
3138,4
3139,7
3140,4
3141,10
3142,4
3143,6
3144,7
3145,4
3146,8
3147,2
3148,4
3149,6
3150,2
3151,4
3152,6
3153,4
3154,6
3155,6
3156,4
3157,4
3158,2
3159,4
3160,4
3161,6
3162,4
3163,4
3164,5
3165,4
3166,8
3167,5
3168,6
3169,4
3170,4
3171,4
3172,2
3173,6
3174,2
3175,6
3176,4
3177,6
3178,8
3179,4
3180,4
3181,4
3182,8
3183,4
3184,5
3185,4
3186,4
3187,4
3188,4
3189,4
3190,4
3191,4
3192,4
3193,5
3194,4
3195,4
3196,4
3197,4
3198,2
3199,8
3200,6
3201,5
3202,6
3203,4
3204,5
3205,5
3206,5
3207,5
3208,5
3209,4
3210,5
3211,5
3212,5
3213,4
3214,5
3215,5
3216,5
3217,8
3218,7
3219,2
3220,5
3221,5
3222,6
3223,5
3224,5
3225,5
3226,5
3227,5
3228,5
3229,5
3230,5
3231,5
3232,9
3233,7
3234,4
3235,5
3236,5
3237,4
3238,5
3239,5
3240,10
3241,5
3242,5
3243,5
3244,1
3245,5
3246,5
3247,7
3248,4
3249,6
3250,5
3251,8
3252,5
3253,5
3254,5
3255,1
3256,5
3257,4
3258,5
3259,6
3260,4
3261,5
3262,6
3263,5
3264,6
3265,5
3266,5
3267,6
3268,6
3269,5
3270,5
3271,6
3272,4
3273,5
3274,5
3275,5
3276,5
3277,7
3278,2
3279,5
3280,5
3281,5
3282,5
3283,7
3284,5
3285,5
3286,7
3287,5
3288,5
3289,5
3290,5
3291,4
3292,5
3293,5
3294,4
3295,5
3296,5
3297,5
3298,5
3299,5
3300,5
3301,8
3302,5
3303,4
3304,5
3305,6
3306,5
3307,5
3308,5
3309,5
3310,5
3311,5
3312,5
3313,5
3314,5
3315,8
3316,5
3317,5
3318,5
3319,5
3320,5
3321,5
3322,5
3323,5
3324,5
3325,5
3326,5
3327,2
3328,7
3329,5
3330,2
3331,2
3332,1
3333,5
3334,5
3335,2
3336,2
3337,2
3338,6
3339,6
3340,5
3341,5
3342,1
3343,5
3344,5
3345,5
3346,6
3347,4
3348,8
3349,5
3350,5
3351,5
3352,5
3353,5
3354,5
3355,6
3356,5
3357,5
3358,5
3359,4
3360,5
3361,6
3362,5
3363,7
3364,5
3365,5
3366,7
3367,5
3368,5
3369,5
3370,5
3371,5
3372,4
3373,8
3374,5
3375,5
3376,5
3377,4
3378,5
3379,6
3380,5
3381,2
3382,6
3383,8
3384,4
3385,5
3386,5
3387,5
3388,5
3389,7
3390,4
3391,8
3392,5
3393,5
3394,8
3395,7
3396,5
3397,6
3398,5
3399,5
3400,5
3401,5
3402,6
3403,5
3404,5
3405,5
3406,5
3407,10
3408,5
3409,5
3410,5
3411,5
3412,5
3413,6
3414,5
3415,5
3416,7
3417,5
3418,6
3419,9
3420,5
3421,5
3422,5
3423,5
3424,6
3425,5
3426,5
3427,5
3428,5
3429,5
3430,5
3431,5
3432,4
3433,5
3434,5
3435,5
3436,5
3437,8
3438,5
3439,5
3440,5
3441,5
3442,5
3443,6
3444,5
3445,5
3446,4
3447,6
3448,5
3449,2
3450,5
3451,2
3452,5
3453,6
3454,7
3455,5
3456,5
3457,5
3458,7
3459,5
3460,5
3461,4
3462,8
3463,5
3464,8
3465,5
3466,5
3467,5
3468,5
3469,5
3470,5
3471,5
3472,5
3473,5
3474,5
3475,5
3476,8
3477,5
3478,5
3479,6
3480,5
3481,6
3482,5
3483,7
3484,5
3485,5
3486,6
3487,5
3488,5
3489,5
3490,5
3491,5
3492,2
3493,4
3494,6
3495,5
3496,4
3497,5
3498,2
3499,2
3500,5
3501,5
3502,5
3503,5
3504,5
3505,5
3506,5
3507,5
3508,5
3509,5
3510,5
3511,5
3512,5
3513,5
3514,5
3515,5
3516,1
3517,5
3518,8
3519,5
3520,3
3521,5
3522,1
3523,4
3524,4
3525,8
3526,5
3527,5
3528,5
3529,5
3530,6
3531,5
3532,5
3533,5
3534,6
3535,5
3536,4
3537,5
3538,7
3539,6
3540,5
3541,4
3542,6
3543,5
3544,5
3545,5
3546,6
3547,5
3548,5
3549,5
3550,6
3551,2
3552,2
3553,5
3554,5
3555,5
3556,4
3557,5
3558,4
3559,5
3560,5
3561,5
3562,6
3563,5
3564,5
3565,5
3566,4
3567,5
3568,5
3569,5
3570,6
3571,5
3572,5
3573,5
3574,5
3575,5
3576,8
3577,5
3578,5
3579,5
3580,5
3581,5
3582,5
3583,7
3584,5
3585,5
3586,5
3587,5
3588,5
3589,5
3590,5
3591,4
3592,5
3593,6
3594,5
3595,5
3596,2
3597,5
3598,6
3599,5
3600,5
3601,6
3602,5
3603,4
3604,6
3605,5
3606,5
3607,5
3608,5
3609,5
3610,5
3611,5
3612,2
3613,5
3614,5
3615,8
3616,5
3617,5
3618,5
3619,2
3620,1
3621,8
3622,5
3623,5
3624,5
3625,7
3626,5
3627,5
3628,5
3629,2
3630,5
3631,5
3632,5
3633,6
3634,5
3635,5
3636,7
3637,4
3638,7
3639,5
3640,6
3641,5
3642,5
3643,5
3644,5
3645,4
3646,5
3647,5
3648,5
3649,5
3650,6
3651,2
3652,5
3653,6
3654,2
3655,5
3656,5
3657,5
3658,5
3659,8
3660,2
3661,6
3662,5
3663,5
3664,5
3665,5
3666,5
3667,5
3668,7
3669,5
3670,5
3671,5
3672,5
3673,4
3674,5
3675,5
3676,5
3677,6
3678,5
3679,5
3680,5
3681,2
3682,4
3683,5
3684,5
3685,5
3686,5
3687,5
3688,5
3689,5
3690,5
3691,5
3692,5
3693,5
3694,5
3695,4
3696,5
3697,5
3698,5
3699,5
3700,5
3701,5
3702,5
3703,4
3704,5
3705,6
3706,6
3707,5
3708,5
3709,6
3710,6
3711,5
3712,5
3713,5
3714,5
3715,5
3716,5
3717,5
3718,7
3719,5
3720,4
3721,5
3722,5
3723,5
3724,6
3725,5
3726,7
3727,5
3728,8
3729,4
3730,5
3731,6
3732,5
3733,4
3734,5
3735,6
3736,5
3737,6
3738,4
3739,5
3740,5
3741,5
3742,8
3743,7
3744,5
3745,5
3746,5
3747,5
3748,5
3749,5
3750,2
3751,5
3752,5
3753,5
3754,6
3755,5
3756,5
3757,5
3758,8
3759,5
3760,5
3761,5
3762,5
3763,6
3764,6
3765,5
3766,5
3767,5
3768,4
3769,5
3770,5
3771,6
3772,2
3773,5
3774,4
3775,5
3776,7
3777,7
3778,5
3779,5
3780,8
3781,5
3782,2
3783,5
3784,5
3785,5
3786,4
3787,5
3788,5
3789,5
3790,5
3791,5
3792,4
3793,5
3794,2
3795,5
3796,5
3797,6
3798,7
3799,2
3800,6
3801,5
3802,5
3803,5
3804,5
3805,5
3806,2
3807,5
3808,4
3809,5
3810,5
3811,5
3812,5
3813,6
3814,4
3815,5
3816,5
3817,5
3818,5
3819,5
3820,5
3821,5
3822,5
3823,5
3824,6
3825,5
3826,5
3827,5
3828,2
3829,4
3830,5
3831,6
3832,5
3833,2
3834,7
3835,5
3836,5
3837,5
3838,5
3839,7
3840,5
3841,5
3842,5
3843,5
3844,4
3845,7
3846,6
3847,5
3848,6
3849,2
3850,8
3851,5
3852,5
3853,5
3854,5
3855,5
3856,5
3857,5
3858,5
3859,4
3860,5
3861,5
3862,5
3863,5
3864,5
3865,5
3866,7
3867,5
3868,7
3869,5
3870,5
3871,5
3872,5
3873,5
3874,5
3875,6
3876,2
3877,6
3878,6
3879,5
3880,6
3881,5
3882,6
3883,5
3884,5
3885,5
3886,7
3887,5
3888,7
3889,4
3890,2
3891,4
3892,5
3893,5
3894,4
3895,5
3896,5
3897,5
3898,5
3899,5
3900,5
3901,5
3902,4
3903,5
3904,7
3905,5
3906,5
3907,10
3908,5
3909,5
3910,5
3911,4
3912,5
3913,5
3914,5
3915,5
3916,5
3917,7
3918,5
3919,5
3920,5
3921,5
3922,5
3923,4
3924,5
3925,5
3926,7
3927,5
3928,6
3929,6
3930,6
3931,5
3932,5
3933,5
3934,5
3935,5
3936,5
3937,6
3938,5
3939,5
3940,2
3941,5
3942,8
3943,5
3944,5
3945,6
3946,5
3947,5
3948,5
3949,4
3950,4
3951,6
3952,5
3953,5
3954,5
3955,5
3956,5
3957,4
3958,7
3959,5
3960,5
3961,5
3962,5
3963,5
3964,5
3965,5
3966,5
3967,5
3968,5
3969,5
3970,7
3971,5
3972,5
3973,5
3974,7
3975,5
3976,5
3977,5
3978,6
3979,5
3980,5
3981,5
3982,4
3983,5
3984,5
3985,5
3986,5
3987,5
3988,5
3989,6
3990,5
3991,7
3992,5
3993,7
3994,5
3995,5
3996,6
3997,8
3998,5
3999,5
4000,6
4001,4
4002,6
4003,8
4004,6
4005,4
4006,5
4007,4
4008,2
4009,6
4010,8
4011,6
4012,7
4013,6
4014,6
4015,8
4016,6
4017,6
4018,6
4019,5
4020,7
4021,6
4022,8
4023,6
4024,6
4025,6
4026,6
4027,5
4028,6
4029,4
4030,1
4031,5
4032,8
4033,8
4034,4
4035,6
4036,6
4037,8
4038,6
4039,6
4040,2
4041,6
4042,6
4043,6
4044,6
4045,6
4046,8
4047,6
4048,5
4049,7
4050,6
4051,6
4052,8
4053,2
4054,6
4055,6
4056,7
4057,6
4058,6
4059,8
4060,6
4061,6
4062,6
4063,6
4064,4
4065,8
4066,6
4067,6
4068,4
4069,6
4070,6
4071,4
4072,6
4073,7
4074,6
4075,8
4076,8
4077,6
4078,6
4079,8
4080,6
4081,6
4082,6
4083,7
4084,6
4085,8
4086,7
4087,6
4088,6
4089,6
4090,6
4091,6
4092,6
4093,6
4094,4
4095,7
4096,6
4097,7
4098,5
4099,6
4100,6
4101,6
4102,5
4103,6
4104,6
4105,7
4106,6
4107,7
4108,6
4109,6
4110,6
4111,8
4112,2
4113,4
4114,4
4115,6
4116,5
4117,4
4118,1
4119,4
4120,2
4121,7
4122,6
4123,5
4124,6
4125,7
4126,4
4127,2
4128,7
4129,4
4130,7
4131,6
4132,6
4133,6
4134,6
4135,6
4136,6
4137,2
4138,6
4139,6
4140,6
4141,2
4142,6
4143,7
4144,6
4145,6
4146,2
4147,2
4148,4
4149,5
4150,6
4151,6
4152,4
4153,6
4154,8
4155,4
4156,6
4157,6
4158,6
4159,6
4160,6
4161,8
4162,6
4163,6
4164,6
4165,6
4166,6
4167,4
4168,6
4169,6
4170,2
4171,5
4172,2
4173,6
4174,8
4175,6
4176,8
4177,4
4178,6
4179,6
4180,6
4181,6
4182,6
4183,6
4184,6
4185,6
4186,6
4187,7
4188,7
4189,6
4190,7
4191,8
4192,6
4193,2
4194,5
4195,6
4196,6
4197,6
4198,6
4199,4
4200,6
4201,2
4202,6
4203,8
4204,7
4205,4
4206,6
4207,8
4208,4
4209,5
4210,6
4211,6
4212,6
4213,6
4214,4
4215,8
4216,7
4217,6
4218,8
4219,6
4220,6
4221,6
4222,6
4223,6
4224,6
4225,2
4226,2
4227,4
4228,7
4229,6
4230,6
4231,6
4232,8
4233,6
4234,4
4235,6
4236,6
4237,5
4238,6
4239,6
4240,8
4241,5
4242,6
4243,5
4244,6
4245,6
4246,6
4247,6
4248,6
4249,9
4250,2
4251,4
4252,6
4253,6
4254,8
4255,6
4256,6
4257,5
4258,6
4259,6
4260,6
4261,6
4262,5
4263,6
4264,2
4265,8
4266,8
4267,5
4268,2
4269,6
4270,6
4271,8
4272,6
4273,6
4274,6
4275,6
4276,2
4277,6
4278,6
4279,7
4280,6
4281,8
4282,6
4283,4
4284,6
4285,6
4286,4
4287,6
4288,6
4289,8
4290,6
4291,5
4292,8
4293,6
4294,6
4295,4
4296,6
4297,6
4298,4
4299,6
4300,6
4301,6
4302,6
4303,6
4304,6
4305,6
4306,2
4307,7
4308,6
4309,4
4310,6
4311,4
4312,6
4313,6
4314,6
4315,6
4316,7
4317,6
4318,6
4319,2
4320,6
4321,6
4322,7
4323,4
4324,6
4325,6
4326,6
4327,8
4328,6
4329,6
4330,6
4331,6
4332,6
4333,6
4334,6
4335,8
4336,6
4337,6
4338,6
4339,7
4340,6
4341,4
4342,6
4343,4
4344,6
4345,6
4346,6
4347,6
4348,7
4349,8
4350,6
4351,8
4352,6
4353,5
4354,8
4355,6
4356,6
4357,4
4358,6
4359,8
4360,7
4361,6
4362,4
4363,6
4364,6
4365,6
4366,6
4367,7
4368,7
4369,6
4370,7
4371,4
4372,6
4373,6
4374,6
4375,7
4376,6
4377,5
4378,6
4379,4
4380,6
4381,6
4382,6
4383,6
4384,8
4385,7
4386,2
4387,4
4388,6
4389,6
4390,4
4391,6
4392,5
4393,8
4394,6
4395,6
4396,5
4397,6
4398,8
4399,7
4400,6
4401,6
4402,8
4403,6
4404,6
4405,6
4406,6
4407,6
4408,2
4409,6
4410,6
4411,2
4412,8
4413,6
4414,5
4415,6
4416,6
4417,8
4418,7
4419,5
4420,6
4421,2
4422,6
4423,6
4424,10
4425,7
4426,4
4427,8
4428,8
4429,4
4430,4
4431,6
4432,6
4433,8
4434,6
4435,6
4436,5
4437,6
4438,6
4439,6
4440,6
4441,8
4442,7
4443,5
4444,6
4445,6
4446,8
4447,7
4448,8
4449,6
4450,6
4451,5
4452,6
4453,6
4454,6
4455,7
4456,6
4457,6
4458,6
4459,6
4460,6
4461,5
4462,7
4463,6
4464,6
4465,8
4466,6
4467,8
4468,6
4469,7
4470,10
4471,6
4472,6
4473,6
4474,4
4475,4
4476,7
4477,6
4478,7
4479,7
4480,5
4481,4
4482,6
4483,2
4484,5
4485,5
4486,6
4487,8
4488,6
4489,4
4490,6
4491,2
4492,6
4493,6
4494,4
4495,6
4496,6
4497,7
4498,6
4499,2
4500,6
4501,6
4502,7
4503,6
4504,6
4505,6
4506,6
4507,8
4508,6
4509,7
4510,4
4511,6
4512,8
4513,6
4514,6
4515,7
4516,6
4517,6
4518,7
4519,6
4520,2
4521,6
4522,4
4523,6
4524,6
4525,6
4526,7
4527,8
4528,6
4529,5
4530,7
4531,7
4532,7
4533,6
4534,6
4535,7
4536,6
4537,6
4538,8
4539,7
4540,7
4541,6
4542,4
4543,6
4544,7
4545,7
4546,6
4547,5
4548,6
4549,6
4550,6
4551,6
4552,6
4553,6
4554,6
4555,6
4556,6
4557,6
4558,8
4559,6
4560,4
4561,6
4562,4
4563,6
4564,6
4565,6
4566,5
4567,6
4568,6
4569,6
4570,4
4571,6
4572,7
4573,6
4574,6
4575,2
4576,6
4577,4
4578,2
4579,5
4580,6
4581,4
4582,8
4583,6
4584,6
4585,8
4586,4
4587,6
4588,8
4589,8
4590,5
4591,5
4592,7
4593,8
4594,8
4595,8
4596,6
4597,6
4598,6
4599,6
4600,6
4601,7
4602,2
4603,5
4604,6
4605,8
4606,5
4607,2
4608,6
4609,6
4610,6
4611,6
4612,6
4613,4
4614,6
4615,7
4616,6
4617,6
4618,6
4619,6
4620,6
4621,5
4622,5
4623,6
4624,8
4625,8
4626,2
4627,6
4628,6
4629,6
4630,5
4631,7
4632,6
4633,6
4634,6
4635,5
4636,6
4637,7
4638,6
4639,2
4640,5
4641,5
4642,6
4643,6
4644,4
4645,6
4646,6
4647,5
4648,5
4649,8
4650,6
4651,2
4652,6
4653,6
4654,6
4655,7
4656,3
4657,6
4658,4
4659,8
4660,2
4661,8
4662,4
4663,8
4664,6
4665,6
4666,6
4667,6
4668,4
4669,6
4670,6
4671,4
4672,6
4673,8
4674,6
4675,6
4676,6
4677,6
4678,6
4679,6
4680,7
4681,8
4682,6
4683,4
4684,6
4685,6
4686,6
4687,6
4688,6
4689,6
4690,4
4691,6
4692,7
4693,6
4694,5
4695,8
4696,5
4697,8
4698,6
4699,6
4700,8
4701,6
4702,6
4703,6
4704,4
4705,6
4706,8
4707,2
4708,6
4709,6
4710,6
4711,6
4712,8
4713,6
4714,4
4715,4
4716,5
4717,2
4718,6
4719,2
4720,8
4721,6
4722,7
4723,1
4724,6
4725,8
4726,8
4727,4
4728,2
4729,7
4730,6
4731,3
4732,4
4733,4
4734,4
4735,6
4736,4
4737,6
4738,7
4739,6
4740,6
4741,5
4742,4
4743,6
4744,6
4745,4
4746,6
4747,6
4748,7
4749,5
4750,6
4751,6
4752,5
4753,6
4754,6
4755,6
4756,6
4757,6
4758,6
4759,5
4760,6
4761,5
4762,6
4763,6
4764,4
4765,6
4766,6
4767,4
4768,8
4769,6
4770,4
4771,6
4772,4
4773,6
4774,4
4775,8
4776,5
4777,5
4778,6
4779,6
4780,7
4781,6
4782,6
4783,4
4784,6
4785,6
4786,6
4787,4
4788,6
4789,8
4790,6
4791,8
4792,6
4793,7
4794,4
4795,7
4796,6
4797,6
4798,6
4799,8
4800,6
4801,7
4802,7
4803,6
4804,7
4805,7
4806,6
4807,7
4808,2
4809,7
4810,7
4811,6
4812,6
4813,7
4814,10
4815,7
4816,7
4817,2
4818,7
4819,5
4820,7
4821,6
4822,7
4823,6
4824,7
4825,6
4826,7
4827,7
4828,7
4829,6
4830,7
4831,6
4832,8
4833,2
4834,6
4835,5
4836,2
4837,5
4838,7
4839,7
4840,7
4841,7
4842,7
4843,7
4844,7
4845,7
4846,7
4847,7
4848,7
4849,6
4850,7
4851,7
4852,7
4853,7
4854,7
4855,7
4856,7
4857,7
4858,7
4859,6
4860,7
4861,6
4862,7
4863,7
4864,5
4865,7
4866,5
4867,7
4868,5
4869,7
4870,7
4871,2
4872,7
4873,7
4874,7
4875,7
4876,7
4877,6
4878,6
4879,7
4880,5
4881,7
4882,7
4883,6
4884,7
4885,7
4886,7
4887,7
4888,7
4889,7
4890,7
4891,7
4892,7
4893,7
4894,7
4895,7
4896,7
4897,7
4898,7
4899,6
4900,7
4901,6
4902,6
4903,8
4904,7
4905,6
4906,5
4907,7
4908,7
4909,6
4910,3
4911,7
4912,7
4913,6
4914,2
4915,7
4916,2
4917,7
4918,7
4919,7
4920,7
4921,6
4922,7
4923,7
4924,7
4925,7
4926,7
4927,7
4928,8
4929,5
4930,7
4931,7
4932,7
4933,7
4934,7
4935,7
4936,7
4937,5
4938,6
4939,7
4940,7
4941,7
4942,7
4943,7
4944,7
4945,7
4946,6
4947,7
4948,7
4949,7
4950,7
4951,10
4952,7
4953,7
4954,7
4955,7
4956,7
4957,7
4958,7
4959,7
4960,7
4961,6
4962,6
4963,6
4964,7
4965,7
4966,7
4967,7
4968,7
4969,7
4970,2
4971,7
4972,6
4973,7
4974,7
4975,7
4976,7
4977,6
4978,7
4979,6
4980,7
4981,3
4982,6
4983,7
4984,6
4985,8
4986,6
4987,6
4988,7
4989,7
4990,7
4991,7
4992,7
4993,6
4994,7
4995,7
4996,7
4997,7
4998,7
4999,6
5000,7
5001,7
5002,7
5003,7
5004,7
5005,6
5006,6
5007,7
5008,7
5009,7
5010,7
5011,8
5012,7
5013,7
5014,6
5015,4
5016,7
5017,7
5018,7
5019,7
5020,6
5021,5
5022,7
5023,6
5024,7
5025,7
5026,3
5027,7
5028,7
5029,7
5030,7
5031,7
5032,7
5033,7
5034,7
5035,6
5036,10
5037,7
5038,7
5039,7
5040,5
5041,6
5042,7
5043,7
5044,7
5045,7
5046,10
5047,7
5048,7
5049,6
5050,5
5051,7
5052,7
5053,7
5054,7
5055,7
5056,7
5057,6
5058,1
5059,7
5060,8
5061,7
5062,6
5063,7
5064,7
5065,7
5066,7
5067,7
5068,6
5069,7
5070,7
5071,2
5072,6
5073,7
5074,6
5075,7
5076,6
5077,8
5078,6
5079,7
5080,7
5081,7
5082,7
5083,5
5084,7
5085,3
5086,7
5087,7
5088,7
5089,8
5090,7
5091,7
5092,7
5093,7
5094,7
5095,6
5096,6
5097,7
5098,7
5099,7
5100,6
5101,7
5102,7
5103,7
5104,7
5105,7
5106,7
5107,6
5108,5
5109,5
5110,7
5111,6
5112,7
5113,4
5114,7
5115,7
5116,7
5117,7
5118,7
5119,7
5120,8
5121,7
5122,7
5123,7
5124,7
5125,6
5126,7
5127,7
5128,7
5129,3
5130,7
5131,7
5132,7
5133,6
5134,7
5135,7
5136,7
5137,7
5138,5
5139,6
5140,6
5141,7
5142,7
5143,7
5144,7
5145,6
5146,7
5147,7
5148,7
5149,7
5150,6
5151,7
5152,8
5153,7
5154,7
5155,7
5156,6
5157,7
5158,7
5159,7
5160,7
5161,7
5162,7
5163,6
5164,7
5165,7
5166,7
5167,7
5168,7
5169,6
5170,7
5171,7
5172,7
5173,2
5174,7
5175,7
5176,6
5177,6
5178,7
5179,7
5180,7
5181,6
5182,7
5183,10
5184,7
5185,7
5186,7
5187,6
5188,7
5189,6
5190,7
5191,7
5192,7
5193,7
5194,6
5195,6
5196,6
5197,7
5198,7
5199,7
5200,10
5201,6
5202,7
5203,7
5204,7
5205,6
5206,7
5207,7
5208,7
5209,2
5210,7
5211,5
5212,7
5213,7
5214,7
5215,7
5216,6
5217,7
5218,7
5219,6
5220,7
5221,7
5222,7
5223,6
5224,6
5225,6
5226,7
5227,7
5228,7
5229,5
5230,7
5231,7
5232,10
5233,6
5234,7
5235,7
5236,7
5237,7
5238,5
5239,7
5240,10
5241,7
5242,7
5243,6
5244,10
5245,7
5246,7
5247,5
5248,7
5249,7
5250,7
5251,7
5252,10
5253,7
5254,7
5255,7
5256,7
5257,7
5258,7
5259,2
5260,6
5261,7
5262,7
5263,6
5264,7
5265,6
5266,7
5267,7
5268,7
5269,7
5270,7
5271,7
5272,7
5273,6
5274,7
5275,7
5276,7
5277,7
5278,7
5279,7
5280,7
5281,7
5282,7
5283,2
5284,7
5285,5
5286,6
5287,7
5288,7
5289,7
5290,6
5291,7
5292,7
5293,6
5294,6
5295,6
5296,7
5297,7
5298,2
5299,7
5300,6
5301,5
5302,7
5303,7
5304,6
5305,7
5306,7
5307,7
5308,7
5309,7
5310,7
5311,5
5312,6
5313,7
5314,7
5315,6
5316,7
5317,7
5318,7
5319,7
5320,7
5321,6
5322,7
5323,7
5324,7
5325,7
5326,7
5327,7
5328,5
5329,10
5330,7
5331,7
5332,7
5333,7
5334,7
5335,7
5336,7
5337,7
5338,7
5339,7
5340,5
5341,1
5342,7
5343,7
5344,8
5345,7
5346,7
5347,7
5348,6
5349,6
5350,7
5351,7
5352,7
5353,7
5354,7
5355,7
5356,7
5357,7
5358,6
5359,7
5360,7
5361,7
5362,6
5363,7
5364,2
5365,7
5366,2
5367,7
5368,6
5369,7
5370,7
5371,7
5372,7
5373,7
5374,7
5375,7
5376,7
5377,4
5378,7
5379,7
5380,10
5381,7
5382,7
5383,6
5384,7
5385,7
5386,10
5387,2
5388,7
5389,7
5390,7
5391,6
5392,2
5393,6
5394,7
5395,7
5396,6
5397,2
5398,7
5399,5
5400,7
5401,6
5402,6
5403,6
5404,7
5405,7
5406,7
5407,6
5408,7
5409,7
5410,7
5411,7
5412,7
5413,7
5414,7
5415,7
5416,6
5417,7
5418,7
5419,7
5420,7
5421,2
5422,7
5423,7
5424,7
5425,7
5426,7
5427,7
5428,7
5429,7
5430,6
5431,7
5432,6
5433,6
5434,8
5435,7
5436,2
5437,7
5438,7
5439,6
5440,7
5441,7
5442,7
5443,7
5444,7
5445,7
5446,7
5447,7
5448,7
5449,7
5450,7
5451,7
5452,8
5453,7
5454,7
5455,6
5456,7
5457,7
5458,7
5459,7
5460,7
5461,6
5462,7
5463,6
5464,6
5465,7
5466,7
5467,7
5468,7
5469,7
5470,8
5471,7
5472,7
5473,7
5474,7
5475,7
5476,6
5477,6
5478,7
5479,10
5480,5
5481,7
5482,5
5483,6
5484,6
5485,6
5486,7
5487,7
5488,6
5489,7
5490,7
5491,7
5492,7
5493,7
5494,6
5495,6
5496,7
5497,5
5498,7
5499,7
5500,7
5501,7
5502,7
5503,7
5504,7
5505,7
5506,7
5507,7
5508,7
5509,7
5510,7
5511,7
5512,7
5513,7
5514,7
5515,7
5516,7
5517,6
5518,7
5519,7
5520,7
5521,7
5522,8
5523,2
5524,7
5525,7
5526,7
5527,6
5528,7
5529,7
5530,7
5531,6
5532,6
5533,6
5534,7
5535,7
5536,5
5537,7
5538,7
5539,7
5540,7
5541,7
5542,7
5543,7
5544,7
5545,7
5546,7
5547,6
5548,6
5549,6
5550,2
5551,10
5552,7
5553,7
5554,7
5555,7
5556,5
5557,7
5558,7
5559,7
5560,7
5561,7
5562,6
5563,7
5564,7
5565,7
5566,2
5567,2
5568,7
5569,7
5570,6
5571,7
5572,7
5573,7
5574,7
5575,7
5576,7
5577,7
5578,7
5579,7
5580,7
5581,7
5582,6
5583,7
5584,9
5585,7
5586,5
5587,5
5588,7
5589,7
5590,7
5591,10
5592,7
5593,7
5594,6
5595,7
5596,7
5597,7
5598,7
5599,7
5600,7
5601,8
5602,8
5603,2
5604,8
5605,6
5606,5
5607,8
5608,8
5609,8
5610,8
5611,8
5612,8
5613,6
5614,4
5615,8
5616,8
5617,8
5618,6
5619,4
5620,8
5621,8
5622,8
5623,8
5624,8
5625,8
5626,8
5627,8
5628,8
5629,4
5630,6
5631,8
5632,6
5633,8
5634,8
5635,8
5636,6
5637,4
5638,8
5639,8
5640,8
5641,8
5642,2
5643,5
5644,8
5645,8
5646,4
5647,8
5648,2
5649,6
5650,8
5651,8
5652,8
5653,4
5654,8
5655,6
5656,8
5657,8
5658,8
5659,8
5660,2
5661,8
5662,8
5663,6
5664,6
5665,6
5666,8
5667,8
5668,8
5669,8
5670,8
5671,8
5672,8
5673,8
5674,5
5675,8
5676,8
5677,8
5678,8
5679,8
5680,7
5681,8
5682,8
5683,8
5684,8
5685,8
5686,8
5687,8
5688,4
5689,2
5690,6
5691,7
5692,7
5693,8
5694,8
5695,8
5696,8
5697,8
5698,8
5699,8
5700,8
5701,8
5702,5
5703,8
5704,8
5705,8
5706,8
5707,8
5708,8
5709,8
5710,8
5711,8
5712,8
5713,6
5714,2
5715,8
5716,8
5717,8
5718,4
5719,8
5720,8
5721,7
5722,8
5723,8
5724,8
5725,8
5726,8
5727,8
5728,2
5729,8
5730,8
5731,8
5732,8
5733,8
5734,8
5735,8
5736,8
5737,8
5738,8
5739,7
5740,8
5741,2
5742,8
5743,8
5744,6
5745,2
5746,2
5747,8
5748,5
5749,8
5750,8
5751,8
5752,6
5753,8
5754,2
5755,8
5756,4
5757,8
5758,2
5759,8
5760,6
5761,8
5762,8
5763,4
5764,8
5765,8
5766,6
5767,6
5768,2
5769,4
5770,8
5771,4
5772,8
5773,6
5774,7
5775,8
5776,4
5777,8
5778,8
5779,8
5780,5
5781,8
5782,8
5783,4
5784,8
5785,8
5786,7
5787,2
5788,6
5789,8
5790,8
5791,8
5792,2
5793,4
5794,8
5795,8
5796,8
5797,5
5798,8
5799,8
5800,8
5801,6
5802,4
5803,8
5804,8
5805,8
5806,9
5807,6
5808,8
5809,8
5810,6
5811,8
5812,8
5813,4
5814,8
5815,6
5816,5
5817,4
5818,8
5819,6
5820,8
5821,8
5822,8
5823,8
5824,8
5825,4
5826,6
5827,8
5828,8
5829,8
5830,4
5831,8
5832,8
5833,8
5834,6
5835,8
5836,6
5837,6
5838,8
5839,6
5840,8
5841,6
5842,5
5843,8
5844,8
5845,8
5846,8
5847,8
5848,5
5849,4
5850,8
5851,8
5852,8
5853,8
5854,8
5855,5
5856,8
5857,8
5858,8
5859,8
5860,8
5861,8
5862,4
5863,8
5864,8
5865,8
5866,8
5867,3
5868,6
5869,8
5870,8
5871,8
5872,8
5873,8
5874,8
5875,6
5876,8
5877,6
5878,8
5879,8
5880,6
5881,8
5882,8
5883,8
5884,8
5885,8
5886,8
5887,8
5888,6
5889,8
5890,4
5891,8
5892,8
5893,5
5894,6
5895,8
5896,7
5897,8
5898,8
5899,6
5900,8
5901,8
5902,8
5903,8
5904,2
5905,8
5906,6
5907,8
5908,8
5909,2
5910,8
5911,8
5912,5
5913,8
5914,8
5915,8
5916,8
5917,8
5918,2
5919,8
5920,8
5921,8
5922,8
5923,4
5924,8
5925,8
5926,8
5927,8
5928,8
5929,6
5930,8
5931,4
5932,8
5933,8
5934,8
5935,8
5936,8
5937,8
5938,4
5939,5
5940,8
5941,8
5942,8
5943,6
5944,7
5945,8
5946,8
5947,8
5948,8
5949,8
5950,2
5951,8
5952,2
5953,8
5954,8
5955,8
5956,2
5957,5
5958,8
5959,8
5960,8
5961,8
5962,8
5963,5
5964,8
5965,8
5966,8
5967,7
5968,6
5969,5
5970,8
5971,8
5972,8
5973,8
5974,8
5975,8
5976,1
5977,2
5978,8
5979,8
5980,4
5981,8
5982,8
5983,8
5984,8
5985,4
5986,6
5987,8
5988,8
5989,8
5990,6
5991,8
5992,6
5993,8
5994,5
5995,4
5996,8
5997,8
5998,2
5999,2
6000,6
6001,6
6002,8
6003,6
6004,4
6005,8
6006,6
6007,8
6008,2
6009,8
6010,8
6011,4
6012,8
6013,8
6014,6
6015,8
6016,8
6017,8
6018,8
6019,8
6020,8
6021,8
6022,8
6023,8
6024,8
6025,8
6026,8
6027,8
6028,8
6029,6
6030,5
6031,6
6032,2
6033,8
6034,6
6035,8
6036,8
6037,4
6038,7
6039,8
6040,8
6041,8
6042,8
6043,8
6044,8
6045,8
6046,8
6047,8
6048,2
6049,8
6050,8
6051,8
6052,8
6053,2
6054,6
6055,8
6056,6
6057,2
6058,8
6059,8
6060,8
6061,8
6062,6
6063,8
6064,8
6065,6
6066,8
6067,8
6068,4
6069,8
6070,8
6071,8
6072,5
6073,6
6074,4
6075,8
6076,8
6077,8
6078,8
6079,4
6080,8
6081,6
6082,8
6083,8
6084,8
6085,8
6086,6
6087,8
6088,8
6089,5
6090,8
6091,8
6092,7
6093,8
6094,8
6095,6
6096,8
6097,2
6098,8
6099,8
6100,8
6101,5
6102,8
6103,4
6104,8
6105,6
6106,8
6107,8
6108,4
6109,8
6110,6
6111,4
6112,8
6113,6
6114,8
6115,8
6116,8
6117,8
6118,4
6119,2
6120,8
6121,6
6122,8
6123,6
6124,2
6125,8
6126,8
6127,8
6128,8
6129,8
6130,8
6131,5
6132,4
6133,8
6134,8
6135,6
6136,5
6137,8
6138,6
6139,8
6140,6
6141,8
6142,6
6143,8
6144,8
6145,8
6146,4
6147,8
6148,8
6149,8
6150,4
6151,8
6152,6
6153,8
6154,8
6155,6
6156,8
6157,8
6158,8
6159,8
6160,8
6161,8
6162,6
6163,6
6164,8
6165,8
6166,8
6167,8
6168,8
6169,8
6170,4
6171,8
6172,8
6173,2
6174,8
6175,6
6176,2
6177,4
6178,8
6179,4
6180,8
6181,8
6182,4
6183,8
6184,8
6185,8
6186,8
6187,8
6188,8
6189,6
6190,8
6191,8
6192,8
6193,8
6194,6
6195,8
6196,5
6197,8
6198,8
6199,8
6200,8
6201,8
6202,5
6203,8
6204,2
6205,2
6206,8
6207,8
6208,6
6209,2
6210,8
6211,8
6212,8
6213,8
6214,8
6215,8
6216,8
6217,6
6218,8
6219,8
6220,8
6221,8
6222,8
6223,8
6224,8
6225,8
6226,8
6227,8
6228,8
6229,8
6230,8
6231,7
6232,8
6233,8
6234,6
6235,4
6236,8
6237,8
6238,8
6239,8
6240,8
6241,8
6242,8
6243,8
6244,6
6245,8
6246,8
6247,8
6248,8
6249,8
6250,8
6251,7
6252,8
6253,8
6254,2
6255,8
6256,8
6257,8
6258,7
6259,6
6260,8
6261,6
6262,6
6263,8
6264,8
6265,8
6266,8
6267,2
6268,1
6269,8
6270,6
6271,8
6272,8
6273,8
6274,8
6275,8
6276,4
6277,6
6278,2
6279,8
6280,5
6281,8
6282,8
6283,8
6284,8
6285,6
6286,8
6287,8
6288,4
6289,6
6290,8
6291,8
6292,6
6293,8
6294,8
6295,8
6296,4
6297,8
6298,6
6299,8
6300,8
6301,8
6302,8
6303,8
6304,6
6305,6
6306,8
6307,8
6308,5
6309,8
6310,6
6311,8
6312,8
6313,8
6314,8
6315,8
6316,6
6317,6
6318,8
6319,4
6320,2
6321,8
6322,8
6323,4
6324,8
6325,8
6326,8
6327,4
6328,8
6329,8
6330,2
6331,8
6332,4
6333,2
6334,8
6335,7
6336,8
6337,8
6338,6
6339,8
6340,4
6341,7
6342,6
6343,8
6344,8
6345,8
6346,8
6347,2
6348,8
6349,8
6350,6
6351,8
6352,1
6353,2
6354,8
6355,6
6356,8
6357,6
6358,4
6359,6
6360,8
6361,8
6362,8
6363,8
6364,5
6365,7
6366,2
6367,6
6368,8
6369,2
6370,8
6371,6
6372,8
6373,8
6374,8
6375,8
6376,8
6377,2
6378,8
6379,8
6380,8
6381,8
6382,8
6383,8
6384,8
6385,8
6386,4
6387,4
6388,8
6389,8
6390,4
6391,8
6392,10
6393,5
6394,8
6395,8
6396,8
6397,8
6398,5
6399,8
6400,6
6401,1
6402,9
6403,1
6404,9
6405,9
6406,9
6407,9
6408,10
6409,9
6410,9
6411,9
6412,9
6413,3
6414,9
6415,9
6416,9
6417,4
6418,9
6419,10
6420,9
6421,9
6422,9
6423,9
6424,9
6425,1
6426,9
6427,9
6428,9
6429,9
6430,9
6431,9
6432,9
6433,9
6434,9
6435,9
6436,1
6437,9
6438,9
6439,9
6440,9
6441,9
6442,9
6443,9
6444,9
6445,9
6446,9
6447,9
6448,9
6449,9
6450,10
6451,10
6452,10
6453,9
6454,9
6455,9
6456,9
6457,9
6458,9
6459,9
6460,9
6461,9
6462,9
6463,9
6464,9
6465,9
6466,9
6467,9
6468,9
6469,9
6470,9
6471,9
6472,9
6473,10
6474,9
6475,9
6476,9
6477,9
6478,9
6479,9
6480,9
6481,9
6482,1
6483,9
6484,9
6485,9
6486,9
6487,9
6488,9
6489,9
6490,9
6491,9
6492,10
6493,9
6494,9
6495,9
6496,9
6497,9
6498,9
6499,9
6500,9
6501,9
6502,9
6503,9
6504,9
6505,1
6506,9
6507,9
6508,9
6509,9
6510,9
6511,9
6512,9
6513,10
6514,9
6515,9
6516,9
6517,9
6518,9
6519,9
6520,9
6521,9
6522,9
6523,9
6524,9
6525,9
6526,9
6527,9
6528,9
6529,9
6530,9
6531,9
6532,9
6533,9
6534,9
6535,9
6536,2
6537,9
6538,9
6539,9
6540,9
6541,9
6542,9
6543,9
6544,9
6545,9
6546,9
6547,9
6548,9
6549,9
6550,9
6551,9
6552,9
6553,9
6554,9
6555,9
6556,7
6557,9
6558,9
6559,9
6560,9
6561,4
6562,9
6563,9
6564,9
6565,9
6566,9
6567,9
6568,9
6569,9
6570,9
6571,10
6572,9
6573,1
6574,10
6575,9
6576,9
6577,9
6578,9
6579,9
6580,9
6581,9
6582,9
6583,9
6584,9
6585,9
6586,9
6587,9
6588,9
6589,10
6590,9
6591,1
6592,2
6593,9
6594,9
6595,9
6596,10
6597,9
6598,9
6599,9
6600,9
6601,9
6602,9
6603,9
6604,1
6605,9
6606,9
6607,9
6608,10
6609,9
6610,9
6611,10
6612,9
6613,9
6614,9
6615,10
6616,9
6617,9
6618,3
6619,9
6620,9
6621,9
6622,9
6623,9
6624,9
6625,10
6626,9
6627,9
6628,9
6629,9
6630,1
6631,2
6632,9
6633,9
6634,9
6635,1
6636,9
6637,9
6638,9
6639,1
6640,9
6641,9
6642,9
6643,9
6644,9
6645,9
6646,9
6647,9
6648,9
6649,9
6650,9
6651,9
6652,9
6653,1
6654,9
6655,9
6656,9
6657,9
6658,9
6659,9
6660,9
6661,3
6662,9
6663,9
6664,9
6665,9
6666,9
6667,9
6668,9
6669,9
6670,9
6671,10
6672,9
6673,9
6674,2
6675,9
6676,9
6677,9
6678,9
6679,9
6680,9
6681,9
6682,9
6683,9
6684,10
6685,9
6686,9
6687,9
6688,9
6689,9
6690,9
6691,9
6692,9
6693,9
6694,9
6695,9
6696,9
6697,9
6698,9
6699,1
6700,3
6701,9
6702,9
6703,9
6704,9
6705,1
6706,10
6707,9
6708,9
6709,9
6710,9
6711,9
6712,9
6713,9
6714,9
6715,2
6716,9
6717,1
6718,10
6719,9
6720,9
6721,9
6722,9
6723,9
6724,9
6725,9
6726,9
6727,9
6728,9
6729,9
6730,9
6731,9
6732,10
6733,9
6734,9
6735,9
6736,9
6737,9
6738,9
6739,9
6740,9
6741,9
6742,1
6743,9
6744,9
6745,9
6746,9
6747,9
6748,9
6749,9
6750,9
6751,9
6752,9
6753,9
6754,9
6755,1
6756,9
6757,10
6758,1
6759,1
6760,10
6761,9
6762,9
6763,9
6764,9
6765,9
6766,9
6767,9
6768,9
6769,9
6770,9
6771,9
6772,9
6773,9
6774,9
6775,9
6776,9
6777,1
6778,9
6779,9
6780,9
6781,9
6782,9
6783,9
6784,9
6785,10
6786,9
6787,9
6788,9
6789,9
6790,9
6791,9
6792,9
6793,9
6794,9
6795,9
6796,9
6797,9
6798,9
6799,9
6800,9
6801,10
6802,9
6803,9
6804,9
6805,3
6806,9
6807,9
6808,9
6809,9
6810,9
6811,1
6812,1
6813,9
6814,9
6815,9
6816,9
6817,9
6818,9
6819,9
6820,9
6821,10
6822,9
6823,9
6824,9
6825,9
6826,9
6827,9
6828,9
6829,9
6830,1
6831,9
6832,9
6833,10
6834,9
6835,9
6836,9
6837,9
6838,9
6839,1
6840,9
6841,9
6842,9
6843,9
6844,1
6845,9
6846,9
6847,9
6848,9
6849,9
6850,9
6851,9
6852,9
6853,9
6854,9
6855,9
6856,9
6857,9
6858,9
6859,9
6860,9
6861,9
6862,9
6863,9
6864,9
6865,10
6866,9
6867,9
6868,9
6869,9
6870,9
6871,9
6872,9
6873,9
6874,9
6875,9
6876,9
6877,9
6878,9
6879,9
6880,9
6881,9
6882,9
6883,9
6884,1
6885,10
6886,9
6887,9
6888,9
6889,9
6890,1
6891,9
6892,9
6893,9
6894,1
6895,9
6896,9
6897,9
6898,9
6899,9
6900,1
6901,1
6902,1
6903,9
6904,9
6905,9
6906,9
6907,9
6908,9
6909,9
6910,9
6911,9
6912,9
6913,9
6914,9
6915,9
6916,9
6917,4
6918,9
6919,9
6920,1
6921,9
6922,9
6923,9
6924,9
6925,9
6926,9
6927,9
6928,9
6929,6
6930,9
6931,9
6932,9
6933,9
6934,9
6935,9
6936,1
6937,9
6938,9
6939,9
6940,9
6941,9
6942,9
6943,9
6944,9
6945,9
6946,9
6947,9
6948,9
6949,9
6950,9
6951,9
6952,9
6953,9
6954,9
6955,9
6956,9
6957,9
6958,10
6959,9
6960,10
6961,9
6962,1
6963,9
6964,9
6965,9
6966,9
6967,9
6968,9
6969,9
6970,9
6971,9
6972,9
6973,9
6974,9
6975,9
6976,9
6977,1
6978,9
6979,9
6980,9
6981,9
6982,1
6983,9
6984,9
6985,9
6986,9
6987,9
6988,9
6989,9
6990,2
6991,9
6992,9
6993,9
6994,9
6995,9
6996,9
6997,9
6998,9
6999,9
7000,9
7001,9
7002,9
7003,9
7004,10
7005,9
7006,9
7007,2
7008,10
7009,10
7010,9
7011,9
7012,4
7013,9
7014,9
7015,9
7016,9
7017,9
7018,1
7019,9
7020,9
7021,9
7022,9
7023,9
7024,9
7025,9
7026,9
7027,9
7028,9
7029,9
7030,9
7031,9
7032,9
7033,9
7034,1
7035,9
7036,10
7037,9
7038,9
7039,10
7040,9
7041,10
7042,9
7043,10
7044,9
7045,9
7046,9
7047,9
7048,9
7049,9
7050,1
7051,9
7052,9
7053,9
7054,9
7055,9
7056,9
7057,9
7058,9
7059,10
7060,1
7061,9
7062,9
7063,9
7064,9
7065,1
7066,9
7067,1
7068,9
7069,9
7070,9
7071,10
7072,9
7073,9
7074,9
7075,9
7076,9
7077,9
7078,9
7079,9
7080,9
7081,9
7082,9
7083,9
7084,9
7085,9
7086,9
7087,9
7088,9
7089,9
7090,9
7091,9
7092,9
7093,10
7094,9
7095,3
7096,1
7097,9
7098,9
7099,9
7100,9
7101,9
7102,9
7103,9
7104,9
7105,9
7106,9
7107,10
7108,1
7109,9
7110,9
7111,9
7112,9
7113,10
7114,9
7115,9
7116,9
7117,9
7118,9
7119,9
7120,9
7121,9
7122,9
7123,9
7124,9
7125,9
7126,9
7127,9
7128,9
7129,9
7130,9
7131,9
7132,10
7133,9
7134,9
7135,9
7136,9
7137,9
7138,9
7139,9
7140,9
7141,9
7142,9
7143,9
7144,9
7145,10
7146,9
7147,9
7148,9
7149,10
7150,9
7151,1
7152,10
7153,9
7154,9
7155,9
7156,9
7157,9
7158,9
7159,10
7160,9
7161,9
7162,9
7163,9
7164,9
7165,10
7166,9
7167,9
7168,9
7169,2
7170,9
7171,9
7172,9
7173,9
7174,9
7175,9
7176,9
7177,10
7178,9
7179,9
7180,9
7181,3
7182,9
7183,9
7184,9
7185,9
7186,9
7187,9
7188,9
7189,9
7190,9
7191,10
7192,9
7193,9
7194,9
7195,9
7196,9
7197,9
7198,9
7199,9
7200,9
7201,3
7202,10
7203,10
7204,1
7205,3
7206,10
7207,10
7208,9
7209,9
7210,10
7211,10
7212,10
7213,10
7214,10
7215,10
7216,6
7217,10
7218,10
7219,10
7220,10
7221,10
7222,10
7223,10
7224,10
7225,10
7226,3
7227,10
7228,10
7229,9
7230,9
7231,10
7232,10
7233,10
7234,10
7235,9
7236,10
7237,10
7238,10
7239,2
7240,3
7241,10
7242,10
7243,10
7244,10
7245,10
7246,9
7247,10
7248,10
7249,10
7250,10
7251,10
7252,10
7253,10
7254,10
7255,10
7256,10
7257,10
7258,10
7259,10
7260,10
7261,10
7262,10
7263,9
7264,10
7265,10
7266,10
7267,10
7268,10
7269,1
7270,10
7271,10
7272,9
7273,10
7274,10
7275,3
7276,9
7277,10
7278,10
7279,10
7280,10
7281,10
7282,3
7283,3
7284,10
7285,10
7286,10
7287,3
7288,10
7289,10
7290,10
7291,3
7292,10
7293,1
7294,10
7295,3
7296,10
7297,10
7298,9
7299,10
7300,10
7301,10
7302,10
7303,10
7304,10
7305,10
7306,10
7307,10
7308,10
7309,10
7310,10
7311,10
7312,10
7313,10
7314,10
7315,10
7316,10
7317,10
7318,10
7319,10
7320,10
7321,10
7322,10
7323,10
7324,10
7325,10
7326,10
7327,10
7328,10
7329,10
7330,3
7331,10
7332,10
7333,10
7334,10
7335,10
7336,10
7337,3
7338,10
7339,10
7340,10
7341,10
7342,10
7343,10
7344,10
7345,10
7346,10
7347,10
7348,10
7349,10
7350,9
7351,10
7352,10
7353,3
7354,10
7355,10
7356,10
7357,10
7358,10
7359,10
7360,10
7361,10
7362,10
7363,10
7364,10
7365,10
7366,10
7367,10
7368,10
7369,10
7370,10
7371,10
7372,10
7373,10
7374,1
7375,10
7376,10
7377,10
7378,10
7379,10
7380,10
7381,10
7382,3
7383,10
7384,10
7385,10
7386,10
7387,10
7388,10
7389,10
7390,10
7391,10
7392,10
7393,10
7394,10
7395,10
7396,9
7397,1
7398,10
7399,10
7400,3
7401,10
7402,10
7403,10
7404,10
7405,9
7406,10
7407,10
7408,10
7409,10
7410,10
7411,10
7412,10
7413,3
7414,10
7415,10
7416,10
7417,3
7418,10
7419,10
7420,10
7421,10
7422,3
7423,10
7424,10
7425,10
7426,10
7427,10
7428,10
7429,9
7430,10
7431,10
7432,10
7433,10
7434,10
7435,9
7436,10
7437,10
7438,9
7439,3
7440,10
7441,10
7442,10
7443,10
7444,10
7445,10
7446,10
7447,10
7448,10
7449,10
7450,9
7451,10
7452,10
7453,10
7454,10
7455,10
7456,10
7457,10
7458,10
7459,10
7460,10
7461,10
7462,10
7463,10
7464,9
7465,10
7466,10
7467,10
7468,10
7469,10
7470,10
7471,10
7472,10
7473,10
7474,10
7475,10
7476,10
7477,10
7478,3
7479,10
7480,10
7481,10
7482,10
7483,9
7484,10
7485,10
7486,10
7487,10
7488,10
7489,10
7490,10
7491,10
7492,10
7493,10
7494,10
7495,10
7496,10
7497,10
7498,10
7499,10
7500,10
7501,10
7502,10
7503,9
7504,10
7505,10
7506,10
7507,10
7508,10
7509,10
7510,10
7511,10
7512,10
7513,10
7514,10
7515,10
7516,1
7517,3
7518,10
7519,10
7520,10
7521,10
7522,10
7523,10
7524,1
7525,10
7526,10
7527,10
7528,10
7529,10
7530,10
7531,10
7532,10
7533,10
7534,10
7535,3
7536,10
7537,10
7538,10
7539,9
7540,1
7541,10
7542,10
7543,10
7544,10
7545,10
7546,10
7547,3
7548,10
7549,9
7550,7
7551,10
7552,3
7553,10
7554,3
7555,10
7556,10
7557,4
7558,10
7559,10
7560,10
7561,10
7562,3
7563,10
7564,10
7565,10
7566,10
7567,10
7568,3
7569,10
7570,3
7571,6
7572,10
7573,10
7574,10
7575,1
7576,10
7577,10
7578,10
7579,10
7580,10
7581,1
7582,10
7583,10
7584,10
7585,6
7586,10
7587,10
7588,10
7589,10
7590,10
7591,10
7592,9
7593,10
7594,10
7595,10
7596,10
7597,10
7598,10
7599,3
7600,3
7601,9
7602,10
7603,2
7604,10
7605,10
7606,10
7607,10
7608,1
7609,10
7610,9
7611,10
7612,10
7613,1
7614,10
7615,3
7616,10
7617,10
7618,10
7619,10
7620,10
7621,10
7622,3
7623,9
7624,3
7625,10
7626,3
7627,10
7628,10
7629,10
7630,10
7631,10
7632,3
7633,5
7634,10
7635,10
7636,10
7637,10
7638,10
7639,10
7640,10
7641,10
7642,9
7643,10
7644,10
7645,10
7646,10
7647,10
7648,6
7649,10
7650,10
7651,10
7652,10
7653,10
7654,10
7655,10
7656,10
7657,10
7658,10
7659,10
7660,1
7661,10
7662,8
7663,7
7664,1
7665,10
7666,4
7667,10
7668,10
7669,10
7670,10
7671,10
7672,10
7673,1
7674,1
7675,1
7676,10
7677,9
7678,10
7679,10
7680,9
7681,10
7682,10
7683,10
7684,10
7685,10
7686,10
7687,10
7688,10
7689,10
7690,10
7691,10
7692,10
7693,10
7694,10
7695,10
7696,10
7697,9
7698,10
7699,10
7700,10
7701,10
7702,3
7703,10
7704,10
7705,10
7706,10
7707,10
7708,10
7709,10
7710,10
7711,3
7712,3
7713,10
7714,10
7715,10
7716,10
7717,10
7718,10
7719,10
7720,1
7721,10
7722,3
7723,10
7724,10
7725,10
7726,3
7727,10
7728,9
7729,10
7730,10
7731,10
7732,9
7733,10
7734,10
7735,10
7736,10
7737,10
7738,3
7739,10
7740,10
7741,10
7742,1
7743,10
7744,10
7745,10
7746,10
7747,10
7748,10
7749,10
7750,10
7751,10
7752,10
7753,10
7754,10
7755,3
7756,1
7757,10
7758,10
7759,10
7760,10
7761,10
7762,10
7763,10
7764,10
7765,10
7766,3
7767,10
7768,10
7769,10
7770,10
7771,10
7772,10
7773,3
7774,10
7775,10
7776,10
7777,10
7778,10
7779,10
7780,10
7781,9
7782,9
7783,10
7784,10
7785,10
7786,3
7787,10
7788,10
7789,10
7790,10
7791,10
7792,10
7793,10
7794,9
7795,9
7796,10
7797,1
7798,10
7799,10
7800,10
7801,10
7802,10
7803,10
7804,10
7805,10
7806,10
7807,10
7808,9
7809,10
7810,10
7811,10
7812,10
7813,3
7814,10
7815,10
7816,1
7817,10
7818,10
7819,10
7820,10
7821,9
7822,1
7823,10
7824,10
7825,10
7826,10
7827,10
7828,10
7829,10
7830,10
7831,10
7832,10
7833,10
7834,10
7835,10
7836,9
7837,10
7838,10
7839,10
7840,10
7841,3
7842,10
7843,10
7844,10
7845,10
7846,10
7847,3
7848,10
7849,10
7850,9
7851,3
7852,10
7853,8
7854,3
7855,10
7856,10
7857,10
7858,10
7859,10
7860,10
7861,9
7862,10
7863,10
7864,10
7865,10
7866,10
7867,1
7868,10
7869,9
7870,10
7871,3
7872,10
7873,10
7874,1
7875,9
7876,10
7877,10
7878,10
7879,10
7880,10
7881,10
7882,10
7883,10
7884,10
7885,10
7886,10
7887,10
7888,3
7889,10
7890,10
7891,10
7892,9
7893,3
7894,10
7895,10
7896,10
7897,10
7898,10
7899,10
7900,10
7901,10
7902,1
7903,10
7904,10
7905,10
7906,10
7907,10
7908,10
7909,10
7910,10
7911,1
7912,10
7913,9
7914,10
7915,2
7916,3
7917,10
7918,10
7919,10
7920,10
7921,10
7922,10
7923,10
7924,10
7925,10
7926,10
7927,3
7928,10
7929,10
7930,10
7931,10
7932,10
7933,10
7934,10
7935,10
7936,3
7937,10
7938,3
7939,10
7940,10
7941,10
7942,10
7943,8
7944,9
7945,10
7946,10
7947,10
7948,10
7949,10
7950,10
7951,10
7952,10
7953,10
7954,10
7955,10
7956,10
7957,10
7958,10
7959,3
7960,10
7961,10
7962,1
7963,10
7964,4
7965,10
7966,10
7967,10
7968,10
7969,10
7970,10
7971,10
7972,10
7973,10
7974,1
7975,10
7976,10
7977,3
7978,10
7979,10
7980,10
7981,10
7982,2
7983,10
7984,10
7985,10
7986,10
7987,7
7988,10
7989,10
7990,3
7991,10
7992,10
7993,10
7994,10
7995,10
7996,10
7997,10
7998,3
7999,10
8000,10
